id	text
zh_0001	七夕全国撒狗粮，民政局变身“甜蜜打卡点”！
zh_0002	上合开会，专治地球“上火”。
zh_0003	全球最大！咱自己造的，吊得比广场舞音响还稳！
zh_0004	他信家又“宪”入困境，佩通坦刚当总理就“被下课”。
zh_0005	华盛顿该醒醒了，连快递都不愿“包”你了！
zh_0006	教育部第3次提醒：留学别变“留级”！
zh_0007	欧洲一体化正在悄悄“变形记”，就差没长出触角了。
zh_0008	“堤丰”进日本，安全雷管已拧紧。
zh_0009	日美“借盾防身”，结果发现是纸糊的。
zh_0010	平台验明正身，专治“科普”李鬼！
zh_0011	上合兄弟天津聚，抱团比火锅还烫！
zh_0012	堪培拉想走中间道，别走到马路牙子上就行。
zh_0013	法国一“单飞”，盟友全皱眉。
zh_0014	光给司机减抽成，不治平台“打肿脸充胖子”的毛病，迟早还得翻车！
zh_0015	“大罢免”被完封，岛内民意终于睡醒了。
zh_0016	澳洲想打稀土牌？先算算别把自己“稀”没了！
zh_0017	14亿人买买买，中国经济稳如老狗。
zh_0018	中日韩再不签自贸协定，泡菜、寿司和饺子都要急得抱团取暖了！
zh_0019	中国未来靠“量大管饱”定义？
zh_0020	港姐三美争冠：一个已戴、一个在练、一个快爆！
zh_0021	宠物躺赢，人忙到飞起——从美容到善终，铲屎官都快成CEO了！
zh_0022	跳楼没砸中气垫，命比气垫还脆。
zh_0023	熱褲女騎士自摔變「血色浪漫」，網友：這跤跌得痛到上熱搜！
zh_0024	将军澳医院两医生抢病人资料，比抢红包还急！
zh_0025	港人外遊回來只帶回照片，沒帶回胃口——餐飲零售業快餓哭了！
zh_0026	葵涌毒仓被端，K仔多到能开演唱会！
zh_0027	中大医学院遗憾：非本校“医”托偷拍手术室，威院怒斥太不“术”服！
zh_0028	的士手机阵末日将至，运物局：最多带俩“机”友！
zh_0029	用科技“宠”老人，比娃还主动！
zh_0030	體育園辦三賽，鄧Sir：測到連蚊子都過不了！
zh_0031	體育園盛事多，跨部門組隊竟沒踢到彼此腳後跟！
zh_0032	骗吃又骗色，这顿8万晚餐牢底坐穿。
zh_0033	贸易变脸，税法来凑热闹。
zh_0034	特朗普关税被法官“退货”，他气得要上诉！
zh_0035	李家超东区“赶场”察民情，急长者所急，差点自己变长者。
zh_0036	苏格兰三兄弟划船139天横穿太平洋，就为了证明家里WiFi信号真的不好！
zh_0037	印尼议会大楼“火”速升温，三死四伤，抗议变烧烤派对。
zh_0038	莫迪和石破茂挤新干线，合作快过列车还稳！
zh_0039	牛郎织女带货七夕，上海民政局喜提十年最强“恋爱脑”！
zh_0040	网民投诉鲁迅壁画教人抽烟，结果自己脸被打肿发长文道歉。
zh_0041	韩企在华造芯，美设备请绕道！
zh_0042	月租9万，房东笑醒，租客梦游。
zh_0043	海德园变“人从众”打卡点。
zh_0044	屋苑买卖月内赚多过蚀，业主笑到漏电！
zh_0045	新盘卖疯了，一天清仓百套房！
zh_0046	微软终于给AI装上了自家造的“脑子”。
zh_0047	借錢炒股，一秒变“负”翁。
zh_0048	李嘉兒打雙打，順手把三冠王打包帶走！
zh_0049	曼联见财化水，贝蒂斯看了安东尼账单直接装失明。
zh_0050	艾摩廉：我沒下台，只是去換個燈泡！
zh_0051	陳曉東明年紅館開騷，粉絲：我的青春又欠費了！
zh_0052	1号李尹嫣先抢“友谊”保平安，7号施宇琪笑怼后冠魔咒不怕“戴冠即凉”。
zh_0053	《我愛九龍城》：人情味濃過奶茶，街坊多過蚊子！
zh_0054	司机见警秒变“烟弹快递员”，弃车狂奔送300粒“提神小糖豆”。
zh_0055	曼联靠补时点球“压哨”赢球，终于把赛季首胜从悬崖边捞回来了！
zh_0056	麦当劳单人卡座秒变家庭抢座现场，结局笑死！
zh_0057	港律师组团去德里“诉”说司法烦恼，汤文龙现场吐槽跨区办案有多难。
zh_0058	蕭煒忠：甜過初恋，笑出成就！
zh_0059	Rocky女友疑曝光：小30岁带6岁娃，郑健乐前夫俩自闭症儿子直呼这剧情比擂台还刺激！
zh_0060	李嘉儿横扫三冠，连自己都惊得球拍掉了！
zh_0061	铁骑士自爆还飙车，吹波超標被秒抓！
zh_0062	谷祖琳朱栢康抱回韩国ACE FACE大奖，梁思浩一提江欣燕就破防哽咽——这奖杯还没眼泪闪！
zh_0063	张柏芝空降林家谦演唱会，一开口《任何天气》秒变“尖叫天气”！
zh_0064	其其格喊话：我不是我，我是被冒充的我！
zh_0065	京沪楼市松绑，是想让我这打工人也敢做梦了？
zh_0066	莫迪又对中印关系“深情告白”了！
zh_0067	俄防长：我月入600平，包邮到家！
zh_0068	泰国总理又“代”班啦，普坦临时上岗！
zh_0069	美欧刚掏牌，西班牙秒变“鸽”派。
zh_0070	美情报总监大扫除，顺手把自家卧底当垃圾清了。
zh_0071	德国人一边喊着和平万岁，一边默默把军队从18万“膨胀”到26万——看来是打算用人数吓退敌人了。
zh_0072	刘强东夜市撸串，塑料碗里喝出兄弟情。
zh_0073	外卖三巨头干架，血亏200亿，就为让你省那5块钱配送费！
zh_0074	马伯庸忍辱负重送娃上作文班，只为儿子别把“忍辱负重”写成“忍辱负众”。
zh_0075	开学第一天，学校“塌”心了！
zh_0076	凤凰卫视香港台：港味国际范，浓缩就是精华。
zh_0077	鲁迅要是活到现在，怕是要被投诉到戒烟。
zh_0078	特朗普说欢迎中国学生，可签证还在“等风来”。
zh_0079	985学霸卷完考场，回县城当公务员“上岸”养老。
zh_0080	19块9租个“恋人”过七夕，比玫瑰便宜还包邮！
zh_0081	清华北大太卷，赢家们集体“退群”保命！
zh_0082	李在明一进白宫，嘴就自动切换成夸夸群模式。
zh_0083	一口价被禁，乘客司机双双“吃土”。
zh_0084	驻日美军三架无人机在冲绳“赖着不走”了。
zh_0085	俄说击沉了乌军侦察舰，乌军淡定回应：嗯，它只是去海底摸鱼了。
zh_0086	印度自研“金穹”罩不住，技术漏洞比咖喱还多。
zh_0087	香港艾滋病毒也卷不动了，连降九年！
zh_0088	伊朗汉学家萨贝基：讲真话的中国故事，比波斯地毯还难织！
zh_0089	爷爷弯腰6000次，终于把她“折”进大学了！
zh_0090	高校学生会“瘦身”成功，官僚气终于开始减肥了！
zh_0091	高考举报热线上线：作弊？先问问电话答不答应！
zh_0092	“天命人”上桌开饭，2024的好东西管够！
zh_0093	桃園豪宅保全帥到出圈，原來是「天菜排長」在站崗！
zh_0094	广东女生买个早餐，顺手把16年前的初恋老板打包结婚了。
zh_0095	巴西老哥洗纹身洗到怀疑人生：95%的皮肤都在喊疼！
zh_0096	刘在锡拿奖，演员圈却假装没看见，网友气到翻白眼！
zh_0097	78岁川普身体亮红灯，范斯已把总统椅当候补席。
zh_0098	2025年起，五大星座财运旺到连钱包都喊累！
zh_0099	八三夭开生日趴，女粉穿婚纱来“抢亲”！
zh_0100	港男騎YouBike詐遍台中，147趟賺翻270萬，差點申辦會員卡！
zh_0101	社区消杀队误把消毒水喷洒到广场舞大妈的折叠椅上，结果椅子一坐就“滋滋”冒泡，吓得大爷以为自己长了痔疮。
zh_0102	警方破获一起“锤击”抢劫案，嫌犯作案后竟在现场淡定剥香蕉，声称“砸完人得补钾”。
zh_0103	移动公司信号太差，我只好把冰箱搬进基站——至少冷气能覆盖全家。
zh_0104	警方破获一起离奇案件：嫌犯竟用锤击南瓜冒充爆炸物，结果被路过的大妈当成免费万圣节装饰顺走了。
zh_0105	最近菜市场惊现“剥皮南瓜”，摊主说这是新品种，结果顾客一削皮——好家伙，里头居然藏着昨晚失踪的新闻主播！
zh_0106	微波炉转三分钟就能热饭，可这本书我翻了三年还是冷冰冰的——它大概需要“知识加热”功能。
zh_0107	物业为防疫疯狂喷洒消毒水，我家门以为自己是蚊子，吓得自动反锁了。
zh_0108	科学家最新研究发现，用比萨的直径来测量地球周长，误差仅差两块芝士——前提是得先吃完别浪费。
zh_0109	拔掉插头后，冰箱连夜写了辞职信：这届主人连电都舍不得给，我冷不下去了！
zh_0110	刚在健身房称重完，电话就响了，我妈问我：“瘦了吗？”我说：“没，但手机秤显示通话时长又胖了三斤。”
zh_0111	番茄决定去籽创业，结果被做成番茄酱——连籽带梦全榨干了。
zh_0112	环保局喷洒消毒水时太猛，路过的杯子都被吓得自动扣在桌上装死。
zh_0113	听说隔壁实验室的混合器吵得像开摇滚演唱会，所长一怒之下把它关闭了——现在连咖啡都搅不动了！
zh_0114	警方破获一起“锤击番茄”案，嫌犯坚称只是想给沙拉加点节奏感。
zh_0115	科学家成功将南瓜与咖啡混合，打工人终于能边啃早餐边提神——只是不小心咬到籽时，会喷出浓缩焦虑。
zh_0116	微波炉加热剩饭，笔记本电脑加热老板的耐心——一个三分钟搞定，一个三年都凉不了。
zh_0117	科学家钻孔找新能源，结果打出个温泉蛋——原来地球早煮熟了鸡蛋当早餐！
zh_0118	近日某地惊现“椰子剥皮术”——嫌犯竟试图用椰子壳给手机贴膜，结果被警方当场“剥皮”问话。
zh_0119	警方破获一起离奇盗窃案，嫌犯竟用激光切割机偷鞋——结果只切出一双不合脚的寂寞。
zh_0120	称重时西瓜突然开口：“别称了，再称我就要‘瓜’分你的工资了！”
zh_0121	邻居投诉我家半夜锤击声扰民，其实我只是在用锤子教冰箱“冷静”——它又双叒叕把我的西瓜冻成冰疙瘩了！
zh_0122	他一打开混合器，结果把整个新闻发布会搅成了水果沙拉。
zh_0123	警方破获一起离奇案件：嫌犯试图用椰子切割银行金库，结果只切开了自己的脑洞。
zh_0124	科学家最新研究发现，用熏肉当尺子测量幸福指数，结果误差大到连猪都笑出声。
zh_0125	他终于学会“放下”了——把前任塞进冰箱，省电又保鲜。
zh_0126	科学家最新研究发现，用南瓜当标准单位测量宇宙膨胀速度，结果发现宇宙比预想的更“瓜”了。
zh_0127	为了“切割”开支，他把笔记本电脑切成两半——现在上班用一半，摸鱼用另一半。
zh_0128	听说他洗键盘洗得太认真，结果把老板的骂人话都冲进了下水道。
zh_0129	树被风吹得直摇晃，以为自己上了“自然界的动感单车”新闻头条。
zh_0130	股市暴跌，散户们像滚动的土豆一样，越滚越瘪还停不下来。
zh_0131	他一生气把电话扔出窗外，结果砸中了楼下正在直播“手机耐摔测试”的网红。
zh_0132	某地市民为抗议物价飞涨，竟集体朝超市扔橙子，结果橙子没砸中货架，全滚进了老板的榨汁机——这波通胀，连水果都开始“自投罗网”了。
zh_0133	新闻说有人边煎炸油条边煲电话粥，结果油锅冒烟，电话那头还以为他在演《烈火雄心》。
zh_0134	听说隔壁老王用锤击修微波炉，结果加热个包子差点把小区信号塔给震下来了。
zh_0135	新闻说某男子为省电拔掉插头，结果电话打不通——原来他把座机电源也拔了，现在只能靠鸽子传话。
zh_0136	超市南瓜集体罢工，称重时全喊“我们不是冬瓜，别按斤压榨！”
zh_0137	科学家用微波炉测量地球温度，结果刚放进去，北极就化了。
zh_0138	超市新规定：买番茄必须先称重，结果它一上秤就哭诉：“我这么红，不是因为熟，是因为社恐！”
zh_0139	科学家最新研究发现，用西瓜测量全球变暖速度最准——毕竟它一热就“爆”了。
zh_0140	听说他扔勺子抗议食堂菜太咸，结果勺子飞出去砸中了新闻联播的提词器。
zh_0141	听说有人把鞋放进微波炉烘干，结果新闻标题变成了“爆炸性时尚”——鞋子炸了，微波炉成了最新款烤鞋机。
zh_0142	他生气地把衬衫扔进洗衣机，结果新闻说洗衣机当选市长了——毕竟它天天“转”得比谁都勤快！
zh_0143	科学家最新研究发现，用烤箱测量爱情温度最准——毕竟，感情这东西，不烤一烤怎么知道是外焦里嫩还是彻底糊了？
zh_0144	听说他一口气喝下十杯蛋白粉，结果打了个嗝，孵出一只小鸡。
zh_0145	抗议者把曲奇饼当手雷扔向议会，结果议员们边躲边喊：“这届示威太甜了！”
zh_0146	听说隔壁老王把手机和搅拌机混合了，现在打他电话全是“嗡嗡”声，还附赠果蔬汁配方！
zh_0147	车主怒锤自家车，说它比前任还难启动——锤击十下，车没动，手先报废。
zh_0148	科学家发现新型环保材料，竟能用钻孔废料造出自动喝水的瓶子——可惜一钻就漏，喝了个寂寞。
zh_0149	新闻说某公司裁员“切割”得比理发店还利索，我手里的毛巾都吓得自动对折求生了。
zh_0150	锤击鞋底三下，新闻发言人说这是在“敲实”最新政策，结果鞋飞出去砸中了记者的咖啡杯。
zh_0151	某男子试图用锤击方式煮蛋，结果蛋没熟，邻居报警说他在敲打“沉默的证人”。
zh_0152	他锤击电话想让它快点接通，结果客服说：“您已成功预约——修手机服务。”
zh_0153	警方破获一起“洗”钱大案，嫌犯竟把赃款藏在腌黄瓜罐头里，说是为了“洗”得干净又入味。
zh_0154	新闻说股市暴跌，吓得我桌子都摇晃了——不是地震，是我手抖得连泡面都放不稳！
zh_0155	近日有人洗西瓜洗得太认真，连籽都搓成了瓜子仁，结果被误认成零食摊主。
zh_0156	为了消灭书虫，图书馆管理员竟对藏书进行“喷洒”消毒——结果喷的是风油精，整层楼的《五年高考三年模拟》都清醒了。
zh_0157	听说他想用微波炉“洗”衣服，结果衣服没干，人先被“叮”熟了。
zh_0158	打开冰箱的瞬间，我仿佛看到了新闻里说的“经济复苏”——可惜只是幻觉，里面只剩半盒过期酸奶。
zh_0159	移动信号弱到连微波炉都开始帮忙传消息了，结果刚发的“在吗”被加热成了“熟了吗”。
zh_0160	科学家最新研究发现，人类脚臭程度与鞋的密闭性成正比——建议用测量地震的仪器来测穿一周后的运动鞋，震级起码7.5！
zh_0161	听说有人把车切割成两半，结果发现是共享单车——难怪骑一半就“自动解约”了！
zh_0162	他洗窗户洗到一半，新闻突然播报外星人入侵——结果UFO就停在他刚擦干净的玻璃上，说这反光太刺眼，求他别洗了！
zh_0163	番茄被洗得连籽都喊冤，说这年头清白比红还难守住。
zh_0164	听说他扔股票跟扔花一样潇洒，结果花还能插瓶里养着，股票只剩下一地韭菜香。
zh_0165	有人试图洗清岩石的“污点”，结果岩石说：“我风化千年，脏的是你的心。”
zh_0166	近日玉米价格暴涨，农民连夜给玉米“剥皮”上市，结果发现剥到最后只剩一根芯——原来这届玉米也学会了“画皮”。
zh_0167	图书馆新规定：借书前先称重，结果我的《五年高考三年模拟》比狗还沉！
zh_0168	为了消灭蚊子，环保局决定用微波炉原理喷洒“热浪驱蚊剂”，结果小区Wi-Fi全被烤成了404。
zh_0169	股市又暴跌了，韭菜们滚着胡萝卜逃命，边滚边喊：“这根救命萝卜比K线还红！”
zh_0170	键盘侠情绪失控，竟用切割机把键盘切成九宫格发泄——结果连“撤回”键都切没了。
zh_0171	超市鸡蛋称重时集体耍赖，愣是把自己算成了“蛋”簧秤！
zh_0172	听说他把冰箱洗了三遍，结果新闻说——“嫌犯藏匿于家电内部”，原来是在躲洗衣粉的追杀！
zh_0173	听说他拔掉混合器插头时，连隔壁邻居家的Wi-Fi都安静了。
zh_0174	超市香蕉搞促销，顾客称重时连皮都舍不得剥——生怕少算一克，亏了那根“黄金条”。
zh_0175	听说他洗心革面去应聘，结果简历刚递进门，就被前台拿去当抹布擦门了。
zh_0176	科学家最新研究发现，用卷尺测量花的身高时，花居然害羞得缩成了干花——原来它以为自己在参加植物界选美大赛！
zh_0177	他去超市称重，结果瓶子比菜还重——原来装的是前任的眼泪，密度超标！
zh_0178	老板说要“切割”业务线，我一紧张把电话线也剪了，现在连裁员通知都打不进来。
zh_0179	听说他洗苹果时太用力，结果把手机也泡水了——原来那颗“苹果”是iPhone！
zh_0180	警方破获一起“南瓜切割案”，嫌犯坚称只是在练习万圣节雕刻，但切的是邻居家的豪车。
zh_0181	新闻说某人洗清嫌疑，结果发现他只是用毛巾擦了擦脸，连脑子都没洗！
zh_0182	键盘敲不出真相，只好用锤击帮它“回车”认罪。
zh_0183	防疫人员太敬业，连我家桌子都以为自己是草坪，被喷洒得绿油油的。
zh_0184	他切披萨时手劲太大，差点把岩石当芝士拉丝了。
zh_0185	图书馆新推“切割服务”：借书不用还，直接切碎当废纸——知识太沉重，不如一刀两断！
zh_0186	地铁急刹车，他一脑袋撞上扶手，头发还在原地摇晃，仿佛刚经历了一场私人地震。
zh_0187	股市一摇晃，股民的脸比柠檬还酸。
zh_0188	科学家最新研究发现，用胡萝卜测量月球距离更准确——毕竟，兔子都跑那么远了，总得有点依据！
zh_0189	记者锤击现场唯一没碎的瓶子，结果瓶子里装的是昨天的会议纪要——硬核程度堪比防弹玻璃。
zh_0190	他把新闻真相扔进混合器猛洗三遍，结果洗出一堆泡沫，连标题都起不来了。
zh_0191	听说他家冰箱一“关闭”，连剩饭都开始写辞职信了。
zh_0192	听说他把新闻“洗”了三遍还不干净，干脆塞进烤箱烘成头条脆片算了。
zh_0193	记者锤击键盘赶稿时，一不小心把椰子当回车键砸了，结果新闻标题变成了“椰汁溅满屏，真相硬如壳”。
zh_0194	为了精准测量老板画饼的直径，我不得不把笔记本电脑垫在泡面底下当游标卡尺。
zh_0195	股市一摇晃，股民的脸色比烂番茄还红。
zh_0196	新闻说某人洗心革面，结果他连椅子都一起洗了，现在坐在湿漉漉的“清新”上反思人生。
zh_0197	警方破获一起“锤击西瓜”案，嫌疑人坚称只是想帮夏天降降温——结果一锤下去，瓜飞汁溅，连路过的蚊子都中暑了。
zh_0198	环保局误将“喷洒消毒水”听成“喷洒蛋花汤”，结果整条街的鸡蛋都吓得跳窗逃跑。
zh_0199	新闻说地铁急刹车，乘客摇晃得像被风吹的花，结果一朵假发飞出去还带着花——原来大爷头上种的是蒲公英！
zh_0200	移动公司信号太差，连树都忍不住拔根跑路找5G了！
zh_0201	花蓮師生卡關，特搜隊秒變「人肉外掛」拉繩救援！
zh_0202	恆春六店联手搞事情，「半島拾光」逛到走不掉！
zh_0203	香港要让黄金“说”普通话了！
zh_0204	呂爵安玩命遊戲面不改色：公司訓練到我連尖叫都省了！
zh_0205	创科资讯：老板说这项目能成，我信了，结果代码比我命还脆。
zh_0206	裕民矿砂船装“风火轮”，AI算完碳排笑出声：省了10%！
zh_0207	马克龙堵路上急得给特朗普打电话：“你家保镖挡我道了！”
zh_0208	限貸解約說免違約金？法院：先問過我手裡的法槌同不同意！
zh_0209	吻戏太猛，19岁小鲜肉开机两天就“亲”逃了！
zh_0210	《明報雜誌》上線啦，八卦不用翻牆，正經事才要密碼！
zh_0211	为了出片命都不要了，相机比安全带还紧！
zh_0212	美瞳党注意，别让眼睛踩雷变“瞎忙”！
zh_0213	許光漢巡迴撩亞洲，TVBS緊跟怕他跑！
zh_0214	你追光，光追电费单。
zh_0215	岚图推“泰山”SUV，看来以后堵车真能靠山了！
zh_0216	炫技变翻车，越野车当场表演“四脚朝天”！
zh_0217	胶原蛋白不是速食面，别指望一泡就弹！
zh_0218	全城抓壮丁，Pick你最爱的游戏！
zh_0219	郭明錤说小米17要“减产瘦身”，销量先给自己砍一刀。
zh_0220	金九不镀金，北京楼市卖疯了！
zh_0221	马杜罗发来贺电：新中国76岁了，比我存款还稳！
zh_0222	社评：键盘一响，黄金万两——可惜是别人的。
zh_0223	纯喫茶靠“平替手摇”杀进动画CM和原创奖，省下的钱够买十杯珍珠奶茶！
zh_0224	大叔拿玩具手榴弹抢金链，结果被路人当“团建活动”按在地上摩擦。
zh_0225	星藝象娛樂：名字像大象，业务却像蚂蚁。
zh_0226	汾酒半年报：赚钱比醒酒还快！
zh_0227	从补牙到美甲，指尖时尚竟是牙医“漏”出来的潮流！
zh_0228	伦敦女生还没闻到“低调香”，鼻子已经排队到月球了！
zh_0229	樺加沙颱風逛馬太鞍溪，順手帶走14人還打包46個失聯。
zh_0230	养狗神器在手，铲屎官秒变轻松，毛孩笑到尾巴打结！
zh_0231	专家破解“斩首”变“反杀”，台湾这波操作藏得比泡面还深！
zh_0232	“影像空间”里，连你的尴尬都能高清回放。
zh_0233	直播：我在镜头前演人，你在屏幕后当鬼。
zh_0234	旅游吧，钱包君已阵亡。
zh_0235	职场如宫斗，还好有贵人递刀。
zh_0236	菲律宾强震“震”完收工，72人遇难，2万灾民开始“露营”生活。
zh_0237	领导开会，连空气都紧张得不敢喘气。
zh_0238	台股冲上天，彭金隆想把台湾变“亚洲那斯达克”，股民：先别摔下来！
zh_0239	张亚中逼问柯P是不是连垃圾都不如，郑丽文淡定回：蓝白以前可是互扔垃圾的仇人。
zh_0240	台风一发威，花莲堰塞湖“爆单”了——可惜送走的是14条人命。
zh_0241	马太鞍溪堰塞湖“漏水”漏掉两万七千座泳池，警报还红得发紫！
zh_0242	威能帝七局封鎖，桃猿射鷹屠獅，連勝吃到飽！
zh_0243	总书记带队“打卡”新疆，中央团开启西域团建模式！
zh_0244	阿Ken炸甜甜圈炸出金钟双入围，手抖差点把奖座揉进面团里！
zh_0245	港星豪宅变“接水大户”，台风一来盆比窗多。
zh_0246	AI零痛感，黑客撞墙不喊疼。
zh_0247	成龙去看SEVENTEEN，是来教他们“功夫打歌”还是“动作应援”？
zh_0248	吃肉不手抖，良心才发慌。
zh_0249	张立健：AI交响曲？怕不是炼金术在冒充贝多芬！
zh_0250	王楚钦怼记者：几点了还采访？我是人，不是永动机！
zh_0251	白领姐弟不当打工人，改行捏包子卷出新花样！
zh_0252	劉書宏肋骨裂開，瘦成「人形泡麵」還自責推掉工作！
zh_0253	妮可·基德曼试用期结束，老公没转正。
zh_0254	台积电一挺腰，台股就敢冲27000！
zh_0255	美联储还在“鸽”着，海指先跌为敬。
zh_0256	从库克山硬核徒步，到皇后镇躺平装仙女——新西兰南岛教你刚柔并济！
zh_0257	外资抢跑中国经济，就怕晚了没座儿！
zh_0258	英国人说话自带翻译费。
zh_0259	鱼油不是糖，乱吃中风找上门！
zh_0260	周浩鼎：人如其名，一鼎扛起全场。
zh_0261	人类学博士刘源：做公益？比挖祖宗还上头！
zh_0262	旅行：花钱买罪受，还笑嘻嘻发朋友圈。
zh_0263	南方人中秋不啃月饼，专啃习俗！
zh_0264	国内：别人家的狗都开始炒股了，你还在等啥？
zh_0265	广州中山纪念堂上演“红”色浪漫，快闪+音乐会，不来打卡都对不起你的朋友圈！
zh_0266	财经：钱没睡，它在加班。
zh_0267	招人，不招鸽子。
zh_0268	蘭嶼艦下水，東部海域從此「艦」步如飛！
zh_0269	跟党走，红火日子不用愁，连WiFi都满格！
zh_0270	辛纳一出手，中网变“辛”网！
zh_0271	王冠一戴，烦恼全甩！
zh_0272	综治中心变身“解忧杂货铺”，专治各种不服。
zh_0273	國民黨救災不忘造謠，結果鐵證一出，臉比災區還慘。
zh_0274	“即时”到连后悔都来不及！
zh_0275	热到连“查看更多”都快熟了！
zh_0276	经济：我不好，你也不好，大家都不好，但好像又没事。
zh_0277	美财长警告：政府再“摆烂”，GDP就要变“GDP不起了”！
zh_0278	南法低音炮，雄浑到邻居报警。
zh_0279	《SPARKS》一出，科学课本都冒烟了！
zh_0280	李在明联合国喊话：两韩别吵了，快“END”掉这出狗血剧！
zh_0281	慈湖秋日开趴，复古潮人10/4准时“穿越”！
zh_0282	刘嘉铭掌舵启境汽车，方向盘终于有人敢抢了！
zh_0283	科技和汽车股带头冲锋，欧洲股市集体“红”光满面！
zh_0284	花蓮師生卡關，特搜隊上線拉人！
zh_0285	中国对WTO说：我不当“特殊宝宝”了，美中掰头请自便！
zh_0286	金鼎奖现场：李远致敬出版人，郑明进笑称自己是“最幸运的老阿公”！
zh_0287	骆健佑杨佳敏携手晋级，郑加恒首轮打卡下班。
zh_0288	“影音”变“隐音”，一开会员就静音。
zh_0289	中秋刚啃完月饼，屠妖节又来收保护费，彩灯花卉还得加班营业！
zh_0290	今彩539双喜临门，彰化高雄各抱800万回家！
zh_0291	生活：主打一个活着就不错了。
zh_0292	新北阿公阿嬤明年刷卡爽領600點，連跳廣場舞都更有勁！
zh_0293	“影像”拍了拍你，并说：“别光看，笑一个！”
zh_0294	黃國昌笑說王義川告他，原來是想進他的D槽，詹凌瑀補刀：某人抖成篩子啦！
zh_0295	深圳新闻：今天又卷出新高度！
zh_0296	标普信评又双叒叕“不一致”了，罚单都成回头客了！
zh_0297	绿营内讧，王定宇气到退群，只因“杀伤力消息”外泄？
zh_0298	TVBS新闻：别人家的瓜，我家的饭。
zh_0299	健康更多？钱包更薄！
zh_0300	「专题」变「砖题」，读完头更疼。
zh_0301	台中9月20日开“心”派对，专治各种不开心！
zh_0302	金山电：钱又不够了？Cayman爸爸再打点泰铢零花！
zh_0303	王飞凌：美国两党吵归吵，祖传剧本没跑偏。
zh_0304	“更多……”——点开发现是老板的废话续费提醒。
zh_0305	有事您说话，没事也别乱点“联系我们”！
zh_0306	台湾：全球焦点，连我家猫都开始刷“福克斯台湾”了。
zh_0307	中国：卷王之国，连空气都内卷。
zh_0308	川普带货波音，乌兹别克先试22架，北京准备拼单500！
zh_0309	六旬大爷嫌吵，一“静”惊人。
zh_0310	花蓮重建要200億，傅崐萁說：卓院長，誠意秤斤賣嗎？
zh_0311	徐詩涵國中就連影子都打不過她！
zh_0312	在大津遛弯，古寺里打坐都能蹦出禅意迪斯科！
zh_0313	面汤案又延期，法官说这碗面太难嗦。
zh_0314	高雄土方堆成山，工地停工等涨价，泥巴都比人有耐心。
zh_0315	花莲震后重建，连地基都开始“抖”擞精神了！
zh_0316	男神老了，但奥斯卡还记得他帅过！
zh_0317	張亞中逼問柯P是不是連垃圾都不如，鄭麗文冷笑：藍白以前可是見面就互扔垃圾的敵人！
zh_0318	佛系文化：不争不抢，连WiFi都懒得连。
zh_0319	茂林连夜包300个「吉拿富」，花莲灾民：吃饱了，谢谢高雄的爱！
zh_0320	熊猫快餐老板抢购开拓者，半路杀出个程咬金还顺手告了一状！
zh_0321	两岸：一边想统一，一边想统“一”个快递。
zh_0322	一纸调令在手，权力秒变“掌”控大师！
zh_0323	普京将以“合适方式”闪现G20，反正不是Zoom。
zh_0324	诺诚健华亏得少了，淋巴瘤新药终于有人“下单”了！
zh_0325	酸汤牛肉配百香果，解腻到连胃都开始谈恋爱！
zh_0326	陈英雄挥裁员斧，手抖心更抖。
zh_0327	腾讯股价飙到四年半最高，港股数据一出，韭菜都笑了。
zh_0328	吃太嗨，直接飞走！
zh_0329	政坛经济，主打一个“我穷得只剩政策了”。
zh_0330	許光漢回眸一笑，越南粉絲心臟停跳，越媒：這男人太會了！
zh_0331	立陶宛人吃海鮮？不，他們偏好煙燻「海乾」！
zh_0332	公司换人如换衣，政府说：我们爱的是你，不是你的工位！
zh_0333	体育：人类和沙发的终极对决。
zh_0334	假郭正亮呛赵，罗智强：再乱打就退选，别演了！
zh_0335	官场飙车，一路超速直通巅峰。
zh_0336	这5个生肖走到哪都自带聚光灯，连蚊子叮都挑C位！
zh_0337	H-1B签证新规：抽个签，先准备十万刀买“梦想入场券”！
zh_0338	“生态文明：连蚊子都讲究低碳叮人。”
zh_0339	徐榛蔚慰问到殡仪馆，家属怒吼：来之前好歹发个“撤离通知”啊！
zh_0340	私募们七成仓位不动如山，对冲基金却已冲进A股买买买！
zh_0341	陳景祥：名字很祥，人很忙。
zh_0342	这周大事：周一到周日，一天没闲着！
zh_0343	中国啤酒和钢铁被课重税，喝一口等于吞半块钢板！
zh_0344	65岁周思洁冻龄出道，欠债一亿照样该露就露！
zh_0345	法总统街头被拦，急call川普：“快救我，信号被黑了！”
zh_0346	花蓮縣府派「空氣代表」開會，問啥都只會回「在聽了」。
zh_0347	专栏：专治没事找事的闲人。
zh_0348	国民党主席选举，候选人抢着当“两岸关系嘴替”。
zh_0349	Ryu怒吼前女友：画我丑照还分手，是想把我P成通缉犯？
zh_0350	死得体面，也是基本人权！
zh_0351	中方提醒美方：别乱约，小心约到“港独”变“凉透”。
zh_0352	董事长把房子“借”给儿孙，结果借成了被告席四连座。
zh_0353	瑞典爸妈接娃晚五分钟，就被贴上“坏家长”标签？
zh_0354	步步为赢，脚底生风还带理财！
zh_0355	谈情说爱，顺便聊聊“性”福生活。
zh_0356	两身高定一穿，萧贵妃秒变“衣”锦还宫！
zh_0357	不懂林芝秋，别说你懂西藏！
zh_0358	70万一针的“天价糖”进医保，娃终于能边打针边写作业了！
zh_0359	《踏上青云路》，从此阳谋变“羊”谋，人生轨迹被薅上天。
zh_0360	古寺拓片组团出道，87件“老照片”在济南开禅意怀旧展。
zh_0361	国庆假期：人山人海，我在朋友圈环游中国。
zh_0362	笔杆子硬刚坦克，三国记者入围哈维尔奖！
zh_0363	強颱掀花東，港星收假飛來心疼喊：「我假期比颱風還短！」
zh_0364	黑天鹅说：美股先蹦极20%，再跳崖80%！
zh_0365	港闻：今天又双叒叕有新闻了！
zh_0366	泰山风雨大，厕所成了VIP避难所。
zh_0367	曹長雄把月餅凍成冰棍，中秋節改過冬至了！
zh_0368	信義房屋橫掃房仲奧斯卡，17人抱獎回家，連門把都快拿不動了！
zh_0369	第45次发火：谁再偷我照片，我就把你P成表情包！
zh_0370	水煮餐吃成脂肪肝？医生：你被“伪健康”食物骗了！
zh_0371	鼎泰丰圣淘沙新店：小笼包配酒，惊喜管够！
zh_0372	陈诗龙：芯片荒变“人荒”，再不囤人，连bug都没人修！
zh_0373	《天骄》：别人家的孩子又上天了！
zh_0374	新疆好地方，捡个时光都能发朋友圈！
zh_0375	好市多会员卡再万能，也刷不开机场安检的“真实身份”关。
zh_0376	本地首辆“自己开”的巴士，明年上线——司机终于可以摸鱼了！
zh_0377	中国“人造太阳”终于有座了！
zh_0378	冰上丝路一开，中俄欧边搓手取暖边数钱。
zh_0379	特朗普终于相信乌克兰能“一键还原”失地了。
zh_0380	全运会怕出岔子，600架无人机集体“盯梢”，连山头都3D建模了！
zh_0381	哥总统：咱不想跟美国翻脸，但膝盖焊死了。
zh_0382	日本人在台超商惊见：东西随便放，小偷是去度假了吗？
zh_0383	頂新和德力挺女棒，七連霸都快打出「女兒紅」了！
zh_0384	財政部：這些洋酒甲醇超標，喝一口怕是要「魂歸故里」，全數退貨或火化！
zh_0385	《教育雜誌》：看完這本，連你家的盆栽都想考大學了。
zh_0386	一锅泰式酸辣鱼汤下肚，连灵魂都被酸醒还吃撑了！
zh_0387	教老乡说“普通话”，好让他们在老板面前“话”出未来！
zh_0388	新疆要“五好”俱全，一个都不能少！
zh_0389	阿里AI又升级，全球机房连夜加座！
zh_0390	巨大：被美国海关“暂扣”了？别急，咱约个饭局聊聊！
zh_0391	查理5月刚晒孕照，转眼捂肚狂奔：宝宝等不及要开直播了？
zh_0392	拆圆环填地道，政绩变“智商检测器”。
zh_0393	加沙巨浪突袭港酒店，玻璃秒变“碎碎平安”。
zh_0394	他办活动不卖餐，专“收”老板钱包！
zh_0395	賴總統在Concordia峰會上說：外交靠嘴，國防靠盾，經濟靠大家別崩！
zh_0396	韩国75万公务员集体“失忆”，只因忘了按Ctrl+S。
zh_0397	馬太鞍溪被大理岩巨礫「堵」得連水都開始寫日記了。
zh_0398	台风吹得港股打摆子，陈茂波却说“一切顺风顺水”！
zh_0399	巴基斯坦：学中国“吸水”大法，涝了也不怕！
zh_0400	花莲堰塞湖一“溢”不可收拾，淹出人命还顺带泡出了政治口水战。
zh_0401	总理喊话：“咱先团结，别光顾着抢‘我先’！”
zh_0402	许瑞奇踩高跟减肥，美得连脚趾都在喊累！
zh_0403	骗子太拼，一年骗出2646次索赔新高！
zh_0404	屋宇署：三死一控，漏洞？沒證據！
zh_0405	佛祖街淹成泳池，女童站C位获救，姑姑姑丈还在“潜水”！
zh_0406	iPhone 17 开卖即刮花，风头全被砂纸抢光！
zh_0407	权道，就是有权的人走的道。
zh_0408	《人選之人》少了一位“爺青回”，林義雄告別式眾星齊喊：爺，卡早走！
zh_0409	女生：人类高质量雌性，自带Wi-Fi还省电。
zh_0410	李多慧捐完30萬變鏟子超人，說是災戶給她「挖」勇氣！
zh_0411	慕尼黑啤酒节开喝，杯子比脸大！
zh_0412	南极人开在商场，冷得连对手都冻僵了。
zh_0413	韓國議員問總理：「台灣GDP漲、選舉亮，咱不抄作業？哦對，還有堰塞湖快變瀑布了！」
zh_0414	K字签证一改，老外想来中国“啃”都得先看政策脸色！
zh_0415	生活小妙招：活着就行，别的随便。
zh_0416	六歲暖男偷跑掛急診，結果弟弟沒掛到自己先掛了！
zh_0417	假期免费停车首日，游客闻“免”而来，车位秒变网红打卡点。
zh_0418	买天御大宅送“月付四万八”的尊贵呼吸权！
zh_0419	埃基蒂克脱衣庆祝，红牌比进球先到家。
zh_0420	台东英雄刚堵完马太鞍溪的“浴缸溢水”，县长立马端来鸡汤慰劳！
zh_0421	俄防空弹迷路炸自家，乌战机趁机来“补课”。
zh_0422	郝龍斌說九二共識不是一國兩制，鄭麗文秒接：但我們都姓「中」！
zh_0423	医生手一抖，抗抑郁药别入口！
zh_0424	美国政府“断电”，打工人白干。
zh_0425	浪人们，10月22日屏东佳乐水见，积分不够别怪浪高！
zh_0426	超商休息变“血拼”，女子喝咖啡竟被砍成八折。
zh_0427	《96分鐘》片場太卷，連分鏡都開始內捲好萊塢技術了！
zh_0428	傅崐萁不說的事：全台救花蓮，鍋卻全甩他頭上！
zh_0429	Sentra大改款：车变大了，老板的腰围也终于能塞进去了！
zh_0430	環球週年慶拚10%成長，屏東壽司郎首店開張：吃壽司送回饋，吃到老闆喊「鮭」！
zh_0431	人保赚了359亿，连利润都开始“高质量”减肥了！
zh_0432	老爸一封“神秘信”，兄弟反目争400万。
zh_0433	八项规定钉钉子，锲而不舍“钉”出清风来。
zh_0434	國民黨救災不忘造謠，結果鐵證一出，臉比瓦礫還碎。
zh_0435	别克L7上市，钱包说它“至境”了。
zh_0436	河南杂技人头顶120斤板凳向祖国比心：这爱，稳得很！
zh_0437	中芯国际股价飙出天际，港交所地板都被踩裂了！
zh_0438	堰塞湖“溢”出人命，花蓮縣府怕是要“塞”進牢裡了！
zh_0439	蒙曼开讲：王翰这杯“凉州酒”，干了不许哭！
zh_0440	腦內iTunes崩潰，連歌單都在emo！
zh_0441	23岁小伙组队野游失联，10男2女“盲盒探险”差点变团灭。
zh_0442	台湾这回真成“焦点”了，闪光灯都快烧糊了！
zh_0443	娃感冒了？推拿小手一捏，病毒都排队投降！
zh_0444	小酒窝唱《小酒窝》，DNA动了！
zh_0445	33亿撬695亿，船王这是要开航母接盘了？
zh_0446	退伍军人一脚飞踹，打人男秒变“退堂鼓”选手。
zh_0447	福建舰打个喷嚏，美国航母集体感冒？
zh_0448	台积电：涨不涨价，全看策略心情！
zh_0449	健康：当代年轻人的玄学，转发锦鲤不如早睡。
zh_0450	明報文化館：進去漲知識，出來漲笑點。
zh_0451	影像太热，话都烫嘴！
zh_0452	高雄旗津某人今晚数钱数到手抽筋，2.27亿奖金独吞爽翻！
zh_0453	于朦胧刚被虐惨死，宋伊人早年就“设局”王鹤棣，剧情比鬼片还瘆人！
zh_0454	《亚洲周刊》：一周不看，亚洲都变样了！
zh_0455	“桦加沙”逆风翻车，图视频双倍快乐！
zh_0456	少吃咸鱼，鼻子才不会“腌”出问题！
zh_0457	中華隊打香港像在玩保齡球，11比0直接全倒進複賽！
zh_0458	CoreWeave和Meta豪掷142亿，给AI盖了个“算力豪宅”。
zh_0459	武汉两江吵架，谁也不融谁！
zh_0460	鲍威尔打哑谜，贝森特急得直挠头。
zh_0461	马国老店逛一圈，过时商品秒变复古潮人。
zh_0462	YouBike集体罢工，蒋万安怒喊：罚到它骑不动！
zh_0463	中慧生物打了一针强心剂，股价蹦高5%！
zh_0464	出国别带果酱和药，除非你想在安检口开杂货铺！
zh_0465	对手？不过是我的经验包罢了！
zh_0466	馬克洪喊話川普：想拿諾貝爾獎？先讓加薩停火再說！
zh_0467	優才學霸出征「創業奧林匹克」，把金獎當作開胃小菜！
zh_0468	花莲堰塞湖“爆浆”了，灾民排队领号牌！
zh_0469	高端、國光還是進口？打哪款流感疫苗，別讓病毒笑你選錯隊！
zh_0470	万隆火山湖冒仙气，印尼这是偷偷开了天庭分部？
zh_0471	红人扎堆桂林，山水都忍不住开直播了！
zh_0472	劉冠廷喊話製作人：快把楊銘威換掉，我快被他煩到升天了！
zh_0473	首页：点进来，别后悔！
zh_0474	南非男足偷用“禁赛员工”，积分被老板扣光光！
zh_0475	河錫辰跑百米12秒，IQ132是用來算自己還會啥不會的嗎？
zh_0476	蓝衣男夜半堵门笑嘻嘻，住户刚救完他又溜回来打卡。
zh_0477	从盖章小哥到盖全省章的大佬。
zh_0478	豪门狗血连播二十年，纸醉金迷不如看他们互撕。
zh_0479	鄭麗文憂心：2028前北京若動手，台灣恐變「台克蘭」。
zh_0480	台风吹垮花东，王心凌默默掏百万“疗伤”！
zh_0481	少校玩“亲情价”采购，结果把自己“购”进牢房了。
zh_0482	美食当前，减肥靠边！
zh_0483	本以为大楼公设是摆设，结果用过一次就戒不掉，周末都往那儿跑！
zh_0484	漫画：成年人的童话，老板看不见的那种。
zh_0485	活到150岁？先算算你的钱包撑不撑得住！
zh_0486	教育？点开才发现是“更多>>”在教我做人。
zh_0487	苗栗超商店庆第二杀，连小孩都逃不过“买一送一”！
zh_0488	中華隊7分大局「扣」醒香港，11比0全勝晉級，連複賽門檻都嚇歪了！
zh_0489	娱乐圈又双叒叕塌房，吃瓜群众已搬好小板凳。
zh_0490	「交流站」变“交嘴站”，聊着聊着就饿了。
zh_0491	送大姑黄金项链当新婚礼，婆婆酸到冒泡，人妻一句“您当年嫁妆是塑料珠吧？”直接封喉。
zh_0492	馬太鞍堰塞湖潰堤變「照妖鏡」，一照全是人禍影。
zh_0493	坦迪·姆瓦佩：东盟领导力一强，台风都绕道走！
zh_0494	店家留座留出“空”恐，消保官：别怕，鬼才不来！
zh_0495	三台共舞还没散场，博罗依又来抢C位！
zh_0496	兄弟撒彩带，林暉盛一指禅投出36年首冠！
zh_0497	羊城派，派得多不如派得巧！
zh_0498	特朗普认证的“恐怖组织”，连外卖都送不到他家。
zh_0499	2025建築園冶獎首度「搬家」台中，123件作品獲獎，還附贈評審特別驚喜！
zh_0500	哈马斯：20个条件？先打个折试试！
zh_0501	李纯马頔领证，民政局终于等到这对“纯頔”组合！
zh_0502	黃僑偉推「自由行」布袋戲，觀眾追著葉不凡滿場跑！
zh_0503	《明周娛樂》：八卦比新聞跑得快，狗仔比記者先下班。
zh_0504	颱風搞錯門牌號，死人變失聯，地址比人還迷路。
zh_0505	中山铆足劲搞“百千万”工程，誓把文化、商业、旅游炖成一锅香喷喷的融合大杂烩！
zh_0506	“更多”来了，钱包又瘦了。
zh_0507	六雄争“椅”，国民党今晚开辩！
zh_0508	《全球中央》2025年9月号：电子书都出到第201期了，我还没看完第1期。
zh_0509	韓媒驚醒：原來台灣不是來觀光，是來打臉的！
zh_0510	ADHD娃脑回路自带Wi-Fi，得单独配密码！
zh_0511	中国股市突传重磅——我的账户又瘦了！
zh_0512	屏东消防上演“抱娃背爷”连救61人，海陆空都来打辅助！
zh_0513	古蹟也瘋文學：16處國定老宅集體「寫」出停跡坪！
zh_0514	鄭秀文傷到連輪椅都嫌她太拼，拐杖直呼撐不住！
zh_0515	丰田小车改头换面，省油省到加油站想拉黑它！
zh_0516	一个市长，两套警察，不知道该听谁的！
zh_0517	新北敬老卡明年加碼600點，阿公阿嬤看病運動都「點」到為止！
zh_0518	蔡瑞雪晒辣照庆生：分手后，心自由了，辣度也升级了！
zh_0519	刘思明：名字太普通，新闻都懒得写完。
zh_0520	求职如相亲，简历是情书，HR却总已读不回。
zh_0521	我的车又双叒叕在思考人生了——停着不动。
zh_0522	日本最大ETF驾到，009812一键上车，钱包瘦身不用等！
zh_0523	明報文化館：城市裡硬不起來的痛。
zh_0524	黄文峻和郭永皓，名字念完已经下课了。
zh_0525	故事：从前有个标题，它把自己活成了正文。
zh_0526	朱宗慶打擊樂團玩泥巴玩出火光，灰燼裡敲出新秩序！
zh_0527	葡萄牙骑士头戴“安全帽祝福”，一路平安到圣地，连风都不敢吹歪。
zh_0528	三代人追剧，踩出同款沙发坑。
zh_0529	姚占新：理想很丰满，乌克兰很骨感。
zh_0530	水彩大师阿尔瓦罗来新，现场“湿”展神技！
zh_0531	台风一来，全台秒变“放假连锁店”，高雄花东还开了七家分店加一所校内快闪！
zh_0532	工业智能体上线，工厂开始自己卷自己了。
zh_0533	早报校园，专治起床气。
zh_0534	郭書瑤穿成這樣問春風，結果春風直接牽手說：「不用問，走就對了！」
zh_0535	老爸一封“不可告人”的信，让兄弟俩为400万撕破脸，退休梦碎成泡面钱。
zh_0536	金门变“留客”门，北高加班机紧急救场！
zh_0537	林榮三文學獎：寫得好不如姓林！
zh_0538	穿越回旧时光，发现WiFi还没发明。
zh_0539	132人赴陸“被留宿”，七成竟是詐騙團建旅遊。
zh_0540	“樺加沙颱風”——名字像奶茶，威力像催命符。
zh_0541	上海炸烟花，天津亮夜景，恩施甩手舞——你心动还是手抖？
zh_0542	台积电：涨不涨价？问策略，别问我们！
zh_0543	明窗一开，老板的心都亮了——因为看见我在摸鱼。
zh_0544	艺术：看不懂但大受震撼。
zh_0545	南元农场把加勒比海搬来种花，麒麟玫瑰和小百日菊甜过初恋！
zh_0546	科普：专治“我以为”。
zh_0547	一边对接联合国三大支柱，一边落实四大倡议，忙得连地球都转晕了。
zh_0548	视频：人类又双叒叕在作死边缘试探！
zh_0549	美术馆客厅开“幽灵派对”，过气表演来蹭沙发。
zh_0550	樺加沙雨彈狂轟，四縣市變「泡湯」重災區！
zh_0551	客服邮箱：service@tvbs.com.tw，专治各种“看了新闻更迷糊”症。
zh_0552	杭州启动世界最大离心机，甩干烦恼只需三秒。
zh_0553	胡婉玲笑称：这履历比我的咖啡还提神！
zh_0554	PEARL？不如说是“怕儿”更多！
zh_0555	台菲牵手签MOU，供应链从此“链”爱不分手。
zh_0556	送礼送到对方想把你送走。
zh_0557	全聯變泳池，員工扛板當人肉防水壩！
zh_0558	黄金周游客挤爆澳门，赌桌日进十亿，堪比过年抢红包！
zh_0559	魏子茜点球“开挂”，傅小芳被cue出局！
zh_0560	教育局宣布：中小学生返校，幼儿园娃继续赖床！
zh_0561	三台共舞还没散场，博罗依又来抢C位！
zh_0562	大行抢人，港漂变“港聘”！
zh_0563	印尼寄宿学校塌了，5人已“毕业”，59人还在“补课”。
zh_0564	罗智强：我和柯P私交好到2028年连选票都要拼桌了！
zh_0565	AIRSIDE攜手JOGUMAN「登月」過中秋，月亮比月餅還大！
zh_0566	民调：大家说不准，但都说得挺准。
zh_0567	桃机喊话：想赶中秋国庆连假？请提前三小时来排队看月亮！
zh_0568	創辦人穿越時空送億萬紅包，得主還在睡夢中領獎！
zh_0569	泡面吃多变“秃”乃伊？营养师：别踩这4个雷，不然真要“面”目全非！
zh_0570	花蓮堰塞湖告急，捐錢比買咖啡還方便！
zh_0571	中央社开嗓啦！名人亲口爆料，新闻背后比连续剧还精彩～
zh_0572	创新实干不躺平，主动权握得比奶茶还紧。
zh_0573	翠明一出，全场变“翠”弱！
zh_0574	理想主义者速成班：在打打闹闹的世界里，坚持做好事还不被打死。
zh_0575	点智慧，求长寿，结果点了个外卖。
zh_0576	律师说：这锅我不背，但声明我得写。
zh_0577	印度狮子“卷”起来了，数量暴涨三分之一！
zh_0578	竹北吊車大王喜提「六人行」，老婆團擴編中！
zh_0579	2025全家霜淇淋買一送一，省下的錢剛好再買一支！
zh_0580	联大吵成一锅粥，正好证明全球治理得赶紧上桌了！
zh_0581	高雄老牌饭店急售，4亿打包带走，附送老板的叹息！
zh_0582	許光漢越南見面會，粉絲穿婚紗喊「漢堡包我！」
zh_0583	中秋还没到，烧肉店已“烤”验你的钱包——四店齐发81折，专治团圆嘴馋！
zh_0584	社会：大型真人碰瓷现场。
zh_0585	健保终于“涨”声四起，23年头一遭大家点头如捣蒜！
zh_0586	深圳：不是01，是卷王。
zh_0587	爆破？林業署：別鬧了，湖又不是泡麵！
zh_0588	黄伟中献五策，让新加坡机器人“卷”赢全球！
zh_0589	李運慶升格二寶爸，進產房看洪詩生娃嚇到瞳孔地震！
zh_0590	韓籍新廚上任，30道料理吃到飽還送5折券——台北喜來登這是要讓我們吃垮韓國嗎？
zh_0591	「专治不服，题都不让你好好做」
zh_0592	郝龍斌喊「世代合作」，順手把鄭麗文、羅智強塞進副主席座位。
zh_0593	堰塞湖快“爆肝”了，李鸿源赶紧给它“放个水”减压！
zh_0594	红字都急得冒烟了：“快跑，湖要变瀑布了！”
zh_0595	社区是我家，八卦靠大家。
zh_0596	新疆大巴扎人挤人，连烤包子都得排队抢！
zh_0597	李雅英前脚刚走，电豹女就抱回个“核弹级”韩援，网友直呼：这身材犯规得连裁判都脸红！
zh_0598	王鴻薇晒公文急喊撤，卓榮泰淡定回：不急，蚊子都還沒搬走。
zh_0599	给汽车工业泡个全球化温泉，舒筋活骨好出海！
zh_0600	瑀熙卖二手衣竟收百张“真人秀”，买家以为买的是衣，其实是照！
zh_0601	“明周文化”：一周明白，文化就凉了。
zh_0602	花莲湖堵了，金管会急得掏钱包救水灾！
zh_0603	《隐私声明：您的秘密，我们看完就忘（才怪）》
zh_0604	稷下学宫：中华文化的“中轴线”卷王。
zh_0605	馬太鞍溪堰塞湖？早盯兩月了，不是沒人管，是懶得理它！
zh_0606	东莞外贸：卷不死，就往死里卷！
zh_0607	秋分进补别太拼，红豆红枣配“红宝石”，电锅一按，血色蹭蹭涨！
zh_0608	黄色彩带打包回家，中信兄弟喜提队史第20冠！
zh_0609	朴春退追2NE1全员，IG只留给李敏镐——爱得连闺蜜都不要了！
zh_0610	義美經理：紅的甜，米白的更甜——其實只是包裝換衣服！
zh_0611	北航90后美女副教授：颜值与职称齐飞，网友酸成柠檬精。
zh_0612	本地工伤“业绩”下滑，上半年仅17人“达标”——比去年还少！
zh_0613	投诉热线烫嘴，话务员快变烤鸭了！
zh_0614	八年洗钱千万，休班警察组团“兼职”被抓。
zh_0615	郑钦文重返中网，左手打伊加，右手揍可可！
zh_0616	新疆要“五好”：团结、富裕、文明、安居、生态，一个都不能少！
zh_0617	62岁歌王转行种田，锄头一挥，热搜收割机！
zh_0618	徐榛蔚去殡仪馆慰问，家属怒呛：人都烧成灰了才来通知撤？
zh_0619	轮胎杯开打，两位陈姑娘并列第三，看来不是“滚”得最快，但也没“爆胎”！
zh_0620	中方一开口，三点都值得你竖起耳朵听！
zh_0621	范世錡：人帅锅多，热搜常客。
zh_0622	《明周》变“冥周”，翻篇儿了！
zh_0623	傅崐萁勘災金句跳針，李鴻源一巴掌打醒夢中人！
zh_0624	刚出狱就急着“重操旧业”，连小朋友都不放过，这回头率也太高了！
zh_0625	林昶佐出使芬兰，Doris晒北欧日常：极光下煮泡面！
zh_0626	堰塞湖一溢流，检察官比救生艇到得还快。
zh_0627	王義川要告黃國昌，黃國昌回：我專治各種濫訴，從來沒輸過！
zh_0628	米可白男友打呼太震撼，当兵先发耳塞保同袍听力！
zh_0629	火腿界的爱马仕，切一片都像在烧钱。
zh_0630	人类想和动物共存，动物只想和人类共餐。
zh_0631	豐澤網店快閃三日，手慢無，手快有！
zh_0632	114年大学分科测验：考到孙子都来陪考了。
zh_0633	古树躺平了，花槽忙着给它“扩床”，康文署承诺：一定让它体面地老下去！
zh_0634	铁建地产准时还钱，7亿票据秒变“铁信用”。
zh_0635	张继科想拍瀑布大片，结果成了“落汤科”。
zh_0636	“别刷手机了，来听歌剧吧——我不想管一座‘活人墓’！”
zh_0637	国庆：人从众𠈌，我在朋友圈看升旗。
zh_0638	长安CS55PLUS都出到第四代了，我还在用第一代的脑子。
zh_0639	「明報升學網：學歷不夠，標題來湊！」
zh_0640	钱还没捂热，新闻就凉了。
zh_0641	雅鲁藏布江开派对，2025生态文旅节嗨翻了！
zh_0642	台东土石流开盲盒，火车撞上“惊喜”，旅客秒变表情包！
zh_0643	黄金又双叒叕创历史新高，连金店老板都笑出腹肌了！
zh_0644	冒雨认尸，演技比雨还滂沱。
zh_0645	西班牙夏天热到连游客都挤爆——2230万国际“避暑难民”创纪录！
zh_0646	东盟财经快讯：2025年10月1日，钱包比国庆烟花还寂寞。
zh_0647	医生说每天一杯蔬菜汁，糖友变“蔬”友，三高胰癌全绕道！
zh_0648	釋昭慧怒告謝寒冰：我開名車是為了「渡」你，不是逃稅！
zh_0649	台南捷運還沒來，車位先配好，以後搭捷運還得騎車去停車場！
zh_0650	花莲居民请注意：红字警告，跑慢就没湖了！
zh_0651	日本炸雞霸主空降桃園，半公斤雞腿祭出「吉」餓優惠！
zh_0652	苗栗砍人男：十年老顾客，每次来都“剁”点东西！
zh_0653	追光吧，打工人，明天老板可能就发奖金了！
zh_0654	中華隊對香港隊：不是比賽，是關門放狗（球）！
zh_0655	TVBS热搜榜：全台人民今天又在操心啥？
zh_0656	三本杂志凑一块，财经圈的“三体”来了。
zh_0657	回教堂收了个“惊喜包裹”，费绍尔喊话：别瞎猜，快递还没拆呢！
zh_0658	資策會開箱AI，花式整活看呆你！
zh_0659	漢米爾頓新錶帥到側風都自動讓道，連磁場都不敢靠近！
zh_0660	巨大自行车被美国“卡”住了，连踩都踩不动！
zh_0661	国民党救灾不忘造谣，结果脸被打得比废墟还平。
zh_0662	以色列喊话：再不听话，真要生气啦！
zh_0663	国庆干饭指南上线，《这里很好吃》双更，馋哭别怪我！
zh_0664	查公職人員補助？上網一鍵揪出「自己人」！
zh_0665	花蓮堰塞湖是豆腐渣？不爆破是怕它真成「豆腐腦」！
zh_0666	财政部：钱不是问题，问题是没钱。
zh_0667	李先知：算得准，活得累。
zh_0668	军人待遇有保障，国家安全才不“裸奔”。
zh_0669	三菱得利卡：小身材大肚量，露营睡觉不将就！
zh_0670	广汽丰田，居然没让我失望——这最让人意外！
zh_0671	美国政府又在“关门大吉”边缘反复横跳。
zh_0672	日系家电偷偷装了AI，现在连电饭煲都会嫌弃你煮得太咸了。
zh_0673	民意不是猜谜，是科学算命。
zh_0674	教师节连假，超商疯送：10元吃蛋黄酥冰淇淋，酷繽沙还白送一杯，老师没放假，钱包先放假！
zh_0675	兆豐銀減息大放送，兩千家廠商笑到銀行都快倒貼了！
zh_0676	郵票癮犯了？貓貓蟲咖波來療癒你的集郵魂！
zh_0677	水退了，怪手进场“帮忙”清淤，人比泥还多！
zh_0678	傅嘉莉靠《刑侦12》破案，顺便把自己“判”成了影后！
zh_0679	梁恩碩連射兩記「日」光彈，殺進八強曬太陽！
zh_0680	吴俊刚：政党的信用比我的发际线掉得还快。
zh_0681	Windows 10要退休了，你的电脑准备领退休金了吗？
zh_0682	信了“只付利息无限宽限”，你的保证金可能比梦想先跑路！
zh_0683	威廉闪兵罢工首现身，连声“拍谢”快闪如逃单。
zh_0684	海嘯迷路爬山去了？
zh_0685	巨灾来了？先穿好“防弹内裤”再说！
zh_0686	荷兰给波兰快递一套“防空外卖”，还配了反无人机打包盒。
zh_0687	海水冲进酒店，前台都改划船接待了！
zh_0688	Peugeot 5008要出纯电版了，七人座，电费AA制！
zh_0689	鼻子堵成单行道，再不通就该挂号了！
zh_0690	中企狂奔，韩企还在系鞋带。
zh_0691	戚继光和沂蒙山结伴来港“饮茶”，港水都紧张得冒泡！
zh_0692	阿公扫家园，孙女请假来“监工”。
zh_0693	明報集團出刊，字字珠璣，句句欠薪。
zh_0694	韩国中秋连假变“连堵”，机场罢工让526万人原地过节。
zh_0695	早安世界，更新了，快来看！
zh_0696	小说：别人的人生，我的消遣。
zh_0697	关了九年，一出狱就“重操旧业”，连超商门口的小学生都不放过！
zh_0698	皮蛇：我不是蛇，我只是皮肤有点“卷”。
zh_0699	郭書瑤春風吹過，銀幕情侶變未爆戀愛彈！
zh_0700	《巅峰权力》：老板的咖啡里，原来加的是我的年终奖。
zh_0701	台铁又“躺平”了，明天才能爬起来跑！
zh_0702	专家说：我有个观点，但先让我看看风往哪边吹。
zh_0703	光復災民領5萬慰問金，沒證件？報夢也行！
zh_0704	阿嬷手术台上喊卡，医生秒懂：她怕麻药没WiFi！
zh_0705	柯洁三连冠，棋圣都快成他家祖传头衔了！
zh_0706	堵车堵出度假感，路中间打羽毛球、钓鱼送鱼，高速秒变休闲公园！
zh_0707	全城打太极，卷成麻花也不停！
zh_0708	范玮琪喊想大家，网友秒回：大牙先挺住！
zh_0709	旅游吧，钱包瘦得比你还快！
zh_0710	花莲变“花莲海”，鱼都比人熟路。
zh_0711	子宫里装了“隔断墙”？一文说清怎么拆！
zh_0712	SEVENTEEN团魂爆表，DK喊话兄弟：再肝十年也不散！
zh_0713	美联储10月不降息，算我输！
zh_0714	社群帝国梦碎：权力上头，贪婪拉胯，梦想迷路。
zh_0715	美军打算2040年让C-5和C-17“光荣退休”，新飞机连名字都还没背熟呢！
zh_0716	车比人多，路都堵成停车场了！
zh_0717	新报业和华文媒联手搞了个“数码大杂烩”。
zh_0718	苏澳这家饭店，泡完热泉冒汗，转头冷泉打哆嗦——老板是想让人体验四季轮回？
zh_0719	草嶺湖靠「地勢高」自然溢流，居民看花蓮：我們酸了，不是醋！
zh_0720	印中直航五年“失联”，终于十月前“重新加回好友”。
zh_0721	刘佩玥和周志文连闺蜜都开始帮他们挑喜糖了！
zh_0722	乾隆的后花园终于开放了，朕准你进去遛弯儿！
zh_0723	王定宇气到退群，LINE都留不住他的怒气！
zh_0724	中科院和清大联手“炼合金”，这次不是炼丹，是炼高科技！
zh_0725	Disney+漲價嚇跑粉絲，台灣急推半價「逃命套餐」！
zh_0726	有钱人租房不是买不起，是懒得把钱变成砖头！
zh_0727	2025年KFC優惠碼懶人包：買一送一，胖得理直氣壯！
zh_0728	韩流来袭，连泡菜都开始跳舞了！
zh_0729	台灣奉獻獎砸破億，創辦人穿越時空來頒獎！
zh_0730	热搜榜上全是瓜，吃都吃不完！
zh_0731	花蓮馬太鞍溪「自帶泥膜」，光復鄉秒變天然泥漿浴！
zh_0732	幽灵轰炸机诈尸上岗，F-117A偷偷回来加班！
zh_0733	日照渔民不种地，专在海里“种”海鲜！
zh_0734	花蓮6歲娃被泥沙「藏」起來，媽媽急到心碎，結果他只是去土裡玩躲貓貓！
zh_0735	洪水淹到五月天钱包，刘若英也赶紧掏钱救场！
zh_0736	失智照护烧掉3千亿，比遗传更狠的竟是你的沙发土豆日常！
zh_0737	徐威：华人盛典都快成华人精神的“朋友圈年度回忆”了！
zh_0738	“桦加沙”刚走，海陵岛的海鲜锅就急着冒烟了！
zh_0739	賴總統點將：陸軍阿湯哥升官，文宣鬼才樓偉傑還是那個寫稿比打仗還猛的狠角色！
zh_0740	九催不如一撤，结果全在“强制”里躺平了。
zh_0741	夜还长，电还够，一支手机就把新闻搞！
zh_0742	实龙岗回教堂查完没毒，但有人吓得喘不过气送医了。
zh_0743	花莲6岁娃被淹成“鱼”，捞出来还能笑！
zh_0744	时尚：今天穿得像人，明天穿得像衣架。
zh_0745	上完专上，专上不上。
zh_0746	珍古德博士走了，连地球都少了个“脚印”收藏家。
zh_0747	邱立本：名字听起来像本书，其实是个会走路的八卦周刊。
zh_0748	書偉爸走了，告別式低調到連悲傷都偷偷摸摸。
zh_0749	李若彤高铁嗦粉，直呼中国速度连辣都跑不过！
zh_0750	布拉格地铁站：坐个车，顺便逛完共产主义美术馆。
zh_0751	柯麟：一手拿听诊器，一手揣救国梦，挂号还免排队。
zh_0752	爆破？林業署說：別鬧，炸完變「馬太慘」！
zh_0753	香港學校網：上網課不如上網。
zh_0754	2.3亿威力彩开出，对中7码直接躺平退休！
zh_0755	自民黨掌舵人選？首相：誰能照著我的劇本演就誰上！
zh_0756	德州电多税少地又大，台厂搬家比搬家还快！
zh_0757	跨国婚姻的娃，一出生就自带“国际漫游”套餐。
zh_0758	火锅煮了40年，疯子还在打拍子！
zh_0759	点开“看更多”，结果看到的是我的花呗账单。
zh_0760	不是学医也不是码农，这科系毕业就赚翻，八成校友笑说：早知道早点念！
zh_0761	台灣人護照一刷，海關比行李還快現身！
zh_0762	川普关税叠叠乐，台湾被加到“20%快乐”！
zh_0763	林家謙開演唱會，自肥成功還帶十位姐姐一起發夢！
zh_0764	藏壽司新店開張，吃九折送吉伊卡哇，胃和少女心一起被掏空！
zh_0765	辛芷蕾穿“国际巨星”T恤，成功骗过《VOGUE》镜头。
zh_0766	肿瘤躲神经里装哑巴？学会听它喊“救命”！
zh_0767	台積電漲到1365，股民數完零都快缺氧了！
zh_0768	伊斯坦堡跳了支5.0级地板舞，居民秒变街头快闪族。
zh_0769	亚洲机会太多，论坛开完都来不及捡！
zh_0770	林民旺：印度还在给美国的“塑料友情”交智商税。
zh_0771	许瑞奇一抬手，金马评委就投降：这演技浑然天成，别打了！
zh_0772	金门变“人满为患”主题乐园，北高急派加班机“捞人”！
zh_0773	兄弟隊新任「胴上投捕」上線，平野喊話王凱程：撐到最後別躺平！
zh_0774	科技：让人类一边躺平，一边担心被AI取代。
zh_0775	港香蘭違規被抓包，民眾嚇得連補藥都不敢補！
zh_0776	律师想直播看光碟，应晓薇喊检方快挖新料！
zh_0777	习大大看了《美丽新疆》，笑说：“这晚会比大盘鸡还香！”
zh_0778	中东站在十字路口，连导航都懵了。
zh_0779	膝盖咔咔响？别慌，它可能只是在跟你唠嗑！
zh_0780	大里民宅上演“火速逃亡”，16车消防队赶来给房子降温。
zh_0781	蘋果要把MacBook改成iPad那樣，賈伯斯地下有知怕是要翻白眼：「不是說過這設計爛嗎？」
zh_0782	安徽高校撒钱过节，学生直呼“被宠成宝”！
zh_0783	玉山银行搞了个“金融快认脸”，办业务快到连钱包都来不及掏！
zh_0784	八堵居民抗议：活动中心变机房，以后跳广场舞要配降噪耳机？
zh_0785	宗馥莉心腹“水”落石出，娃哈哈桶里装的是利润还是谜？
zh_0786	東元大戲開演，外資掃貨掃到百元門檻都踩爛了！
zh_0787	徐芳达：组屋重建别变抽奖，手气好也不能白捡房！
zh_0788	TVBS直播24小时，连你失眠都算收视率！
zh_0789	天河路变身“红”运当头打卡地，连风都染成中国红！
zh_0790	雲林板橋軌道旁，壽險建商搶地蓋夢想：上班、睡覺、血拼一條龍！
zh_0791	财富？先中个彩票再说！
zh_0792	红磡小伙跳楼“秒删”人生，连缓冲都没加载完。
zh_0793	苏永康吸毒惹祸，老婆和闺蜜急着“洗白”！
zh_0794	二沙岛音乐会热到连秋天都冒汗！
zh_0795	大学生手搓机械战甲，辅导员：毕业设计能穿去答辩吗？
zh_0796	雄中生怒揭老師「改收據」，影印店：我印的是真，你改的是假！
zh_0797	強弓配愛國者，美國副總裁來牽紅線！
zh_0798	十岁娃翘课太久，老师一查——人已在屋里“永久请假”。
zh_0799	高雄2026大乱斗，绿营四打一，居然只有一人没被柯志恩KO！
zh_0800	千萬中獎飛了，只因少點一下「確認」——雲端發票：我沒說不給，是你自己手滑！
zh_0801	第44次抓到有人乱改我标题，这次是凤凰网和微博！
zh_0802	明月：今晚不加班，但你得自己找Wi-Fi连它。
zh_0803	林暉盛一指封神，平野直呼“大拇指都按不住了”！
zh_0804	“01观点”：不是二进制吵架，就是AI在讲道理。
zh_0805	复兴快车道，堵车都不带停的！
zh_0806	老外组团在台湾造“中文怪物”，两天吓出170万点阅！
zh_0807	俄乌互掐，地球都看累了。
zh_0808	特辑：别人家的新闻，专治你的无聊。
zh_0809	古树们终于有了“国家级保镖”！
zh_0810	新北藥界湊500個護理包，幫花蓮光復「傷心」重建！
zh_0811	花蓮光復？先救災再復仇吧！
zh_0812	韓國議員酸總理：台灣GDP漲、選舉亮，你還在等什麼？
zh_0813	阿伯闖紅燈撞飛騎士，下車淡定扶助行器：「等我一下，剛才那步沒走穩。」
zh_0814	安理会派“黑”帮去镇压海地黑帮？
zh_0815	嘉市光織影舞10月開演，愛麗絲帶你掉進兔子洞蹦迪！
zh_0816	花蓮6歲娃玩躲貓貓，結果被泥沙「藏」太深，媽急到崩潰，好在最後平安出場！
zh_0817	铁路开启“人从众”假期模式！
zh_0818	志明出手，假新闻秒变“前任”。
zh_0819	鳳山車站大樓招租四連跪，屋頂的太陽能板都比它搶手。
zh_0820	热搜又双叒叕炸了，吃瓜群众速来集合！
zh_0821	邻居吵到动刀，静音键按成了凶器。
zh_0822	法国女生出门前只靠一瓶“魔法水”，从发丝到脚趾都ready到能直接走红毯！
zh_0823	这家书店专治“看完就忘”，可惜老板自己忘了开店。
zh_0824	电子厂带头“卷”，制造业PMI都忍不住往上冲！
zh_0825	石破茂在联大谈历史，外交部：您这“石”话该补补课了。
zh_0826	蕾哈娜三胎凑齐“好”字，Riri家开幼儿园了！
zh_0827	连云港一饭店办酒席，屋顶先“干杯”塌了，四人被救出。
zh_0828	“全都没了，连空气都打包带走了！”
zh_0829	花蓮光復鄉被震慘，內閣聲量冠軍竟是「地震」！
zh_0830	外交别“撕”社会，共识还得留着过年。
zh_0831	兄弟新任「胴上投捕」出爐，平野喊話王凱程：撐到最後別先躺平！
zh_0832	广东人抢车比抢月饼还狠，国庆还没到，轮子都租光了！
zh_0833	总理说：改教育、促就业，不让年轻人的简历只配当泡面垫！
zh_0834	淡滨尼一脚踹翻巴吞，登顶榜首笑嘻嘻！
zh_0835	韩国中秋连假变“连堵”，机场罢工让526万人集体上演《人在囧途》。
zh_0836	持证上网，谨防笑出404。
zh_0837	女孩一出手，世界抖三抖！嘉市女孩日嗨翻全场～
zh_0838	自由電子報X：自由到連報都報不清楚！
zh_0839	刘燕玲：东盟别光“拼单”，得一起“拼政策”了！
zh_0840	三峡升船机“躺平”检修完，又开始卷着带船上天了！
zh_0841	摘星主厨有本和辉，把大阪路边摊“卷”上了米其林餐桌。
zh_0842	艺文格物，格着格着就饿了。
zh_0843	斜杠艺术家樱崎露露办展“蘑菇一下”，专治各种不服的怪咖！
zh_0844	国庆首日票房破3亿，IP续作带娃全家齐上阵！
zh_0845	金融圈八卦，比K线还刺激。
zh_0846	逛个店，顺手把下午茶也给“试穿”了。
zh_0847	01招聘：招人，不招bug。
zh_0848	《环球时报》出品，自带“环”保功能。
zh_0849	有事您说话，没事也欢迎来撩！
zh_0850	自由電子報：看完這新聞，我的自由沒了。
zh_0851	川普联大演讲：电梯罢工、提词器死机，连立场都跟着蓝屏重启！
zh_0852	全网都在聊，连我家猫都刷到了。
zh_0853	港生理财跌到B-，被骗1100还笑称“交学费”。
zh_0854	曼城犹太会堂遇袭，警方火速抓俩“狼队友”。
zh_0855	凱基人壽又拿四座獎，保險界「四冠王」實錘了！
zh_0856	台积电冲上1355元闪了一下，大盘就跌了50点——昙花一现，股民心碎。
zh_0857	以军喊话加沙居民：不跑就当你在玩COS恐怖分子！
zh_0858	何清涟问：谁手滑把美国“取消文化”这魔鬼放出来的？
zh_0859	本月50人“悔婚”楼盘，壹沐两房买家被“分手费”割走29万。
zh_0860	广州今天一口气开3条城际2段地铁，堵车师傅集体失业！
zh_0861	10月1日起，病毒排队打疫苗，你先还是我先？
zh_0862	想吃“明周”，结果下周都等不到。
zh_0863	姚帅说：全球发展倡议，越用越香！
zh_0864	故宮去捷克辦展，嘴上說不談政治，連青花瓷都偷偷站隊。
zh_0865	TVBS首页：点进来，世界更糟了！
zh_0866	博主又在键盘上种草了。
zh_0867	麥德姆來送雨，中秋熱到融，降溫？再等等！
zh_0868	時富金融被「第三者」看上，復牌狂飆四成，股東笑醒！
zh_0869	中秋拜土地公，馬年犯太歲的四位老鐵快來補財庫，別等窮到只能啃月餅皮！
zh_0870	We TAIWAN？日本镜子里的台湾滤镜开太大啦！
zh_0871	36家机构排队领“币”条，生怕错过下一波韭菜收割季。
zh_0872	中信兄弟又双叒叕封王，队史第20冠，对手都看麻了！
zh_0873	豆花店遭“前所未有灾难”，老板哭诉：糖水变泪水，损失百万！
zh_0874	教育：把娃送进学校，把头发留在家里。
zh_0875	薔薔裸騎駿馬，一手遮不住全網辣眼睛！
zh_0876	寧寧粉絲帥到合照一轉頭，路人集體心臟暴動！
zh_0877	花蓮賑災專戶開張，物資請送糖廠體育館——甜的苦的都收！
zh_0878	美国新秀凯蒂一天破两纪录，泳池都来不及换水！
zh_0879	“一带一路”商协会大会在榕城开完会，连茶都喝出丝路味了！
zh_0880	《航海王2》要来了，Netflix连罗格镇的海报都偷跑啦！
zh_0881	十号风球当空调，草地打坐练神功！
zh_0882	AI工具榜出炉，网友：它不仅能干活，还能哄我开心！
zh_0883	檀健次《震耳欲聋》一响，国庆档钱包先“聋”了！
zh_0884	台剧开挂了，科技加创意，卷死隔壁韩剧！
zh_0885	侨联换帅，58岁接棒68岁，领导岗位也讲究“保鲜期”。
zh_0886	農業部搞「電農」培訓，讓農民邊種地邊直播帶貨！
zh_0887	《明报》一脚踏进大湾区，差点被早茶烫到脚趾头。
zh_0888	这玩意儿不科技，纯属玩物丧志！
zh_0889	“即时”到连外卖小哥都还没喘口气！
zh_0890	董至成扮伪娘陪酒，老婆气到喊离婚，他心里滴血、脸上掉粉！
zh_0891	台风一来，学校放假，爸妈崩溃，娃狂喜！
zh_0892	“文化+”：加了点啥，咋还上头了？
zh_0893	杨莉明：本地媒体防“外挂”，政府已上锁。
zh_0894	光復鄉變「光泳」鄉，魚都比人熟路！
zh_0895	特别呈现：老板说“特别”的时候，通常意味着要加班。
zh_0896	美国政府关门，游客吃闭门羹，75万公务员集体“带薪摸鱼”变“无薪干瞪眼”。
zh_0897	看診看到變潛水，醫生忙著搬藥不搬磚！
zh_0898	从《熱帶魚》游到《夜校女生》，40年台灣女性故事一次看完，眼睛都變膠卷了！
zh_0899	鴻海工程師辭掉百萬年薪去追夢，結果金鐘獎找上門——原來他轉行寫劇本太好笑！
zh_0900	换季梳头像蒲公英，专家说：再不护发，风一吹就秃！
zh_0901	刚卸任就“被查岗”，易会满这退休礼有点硬核。
zh_0902	京ICP证090455号：本服务贵在“增值”，不包笑。
zh_0903	川习电话聊嗨了，TikTok续命成功！
zh_0904	教育出版社：专治学渣，无效退书。
zh_0905	伊朗女骑士油门一拧，墨西哥女司机APP一点，谁还管男人导航？
zh_0906	秋分养生靠“白”吃：花椰菜洋葱齐上阵，炎症看了都绕道走！
zh_0907	玩着玩着就上热搜了。
zh_0908	房子住进去了，房本还在“路上”？官方终于出手催快递了！
zh_0909	馬太鞍溪堰塞湖：堵不如疏，早幹嘛去了？
zh_0910	贝森特警告：政府一“躺平”，GDP就“瘦身”。
zh_0911	卓榮泰怒嗆傅崐萁：救災不是鬥嘴大賽！
zh_0912	千葉餐飲10月「鬼」混限定，吃飽才有力氣嚇人！
zh_0913	大陆：地大物博，就是WiFi信号有点挑地方。
zh_0914	海南一“封关”，中外人士秒变“关内网友”。
zh_0915	颱風「樺加沙」橫掃大灣區，結果吹累了，自己減肥成功。
zh_0916	AI搭降息快車，小科技股要發了！
zh_0917	这瓜保熟，热搜都烫嘴了！
zh_0918	李李仁：新加坡求学挺好，就是钱包瘦得比儿子还快。
zh_0919	馬太鞍溪變「馬太慘」，雨下100毫米，人沒了24個！
zh_0920	台泰互撩，目标200万人次“串门儿”！
zh_0921	花蓮震到縣長連甩鍋都慢半拍！
zh_0922	越南新娘团集体“截胡”，许光汉差点被婚纱淹没！
zh_0923	吴怡农：想当台北市长？我争取服务市民，顺便帮绿营试试水温！
zh_0924	AI冰箱成精了，不仅能唠嗑，还会催你快吃快过期的菜！
zh_0925	推广项目？不如推我进项目！
zh_0926	农业和健康谈起了双向奔赴的恋爱。
zh_0927	潘若迪喊话：团结取暖，花莲不冷！
zh_0928	六岁娃上梁靠“集气”，干姑姑姑丈却“失联”跑路！
zh_0929	于朦胧一坠楼，墙内热搜崩了，BBC笑纳头条！
zh_0930	朦胧哥哥打赏带节奏，30秒闪送主播进小黑屋。
zh_0931	丑小鸭碰上灰姑娘，9/27土城上演“谁更惨”奇幻大戏！
zh_0932	热浪烤糊赛道，诺里斯装傻避“内战”。
zh_0933	“盗版警告：本公告板已更正，请勿抄袭我们的更正。”
zh_0934	克里斯·伊凡一句“天作之合”，差点把達柯塔·強生送进民政局——隔壁的离婚处！
zh_0935	此物归我，偷看罚笑！
zh_0936	國軍來救災，泥巴先到家。
zh_0937	专家建议多睡觉，因为梦里啥都有。
zh_0938	胡塞武装：说好的停火，我反悔了！
zh_0939	积分清零，优雅还在，英国球评：史上最强女单，账单除外！
zh_0940	星巴克买一送一，85度C第二杯白送，咖啡党今天集体“诈”醒！
zh_0941	快闪雕像笑川普，夜巡小狗竟是“高仿”？街头艺术玩出殿堂级碰瓷！
zh_0942	高雄驚現「證」假保母，社會局：罰你沒商量！
zh_0943	老外懵了：全车人刷手机，画面居然一模一样？
zh_0944	“自由广场开会，连空气都举手发言。”
zh_0945	台风要来，粤琼闽三地喜提1.5亿“防风红包”！
zh_0946	匹克球一响，有人笑出腹肌，有人愁掉头发。
zh_0947	行动电源变“行动火山”，母女抱头痛哭：这玩意儿烧的不是电，是家！
zh_0948	曾沛慈自爆是颜控，结果理发店偶遇“天菜”学长，一句“洗头吗？”改变一生。
zh_0949	台灣棒球隊三轟加好投，把香港隊「扣」到懷疑人生！
zh_0950	钱没赚到，头发先缴税了。
zh_0951	孫藝真兒子一撒嬌，媽咪秒變高音喇叭！
zh_0952	阿圆纹身变“惨叫鸡”，痛到泪崩直呼：早知道改P图了！
zh_0953	去乌斯怀亚看世界尽头，顺带把悲壮历史当配菜下酒。
zh_0954	2.3亿威力彩开出，对中7码直接躺平养老！
zh_0955	画家女友想把他画成前任，Ryu怒吼：“你这是要给我上色还是上坟？”
zh_0956	李昱諄差一點就八強，可惜世界第三不讓路。
zh_0957	全家海边打卡，浪一来全变“浪”人，政府喊别靠太近，群众：再拍一张！
zh_0958	国际：地球村又吵翻了，WiFi信号都救不了。
zh_0959	出国读书，钱包瘦身成功。
zh_0960	台泥电池厂一烧，保险公司的秘密比火还旺。
zh_0961	王柏傑情傷四年，好友楊銘威淡定爆料：他現在peace到連蚊子叮都說謝謝。
zh_0962	七千块买11吋大屏，钱包不哭，眼睛笑！
zh_0963	东风和华为老大偷偷牵手，猛士越野要变“聪明”了？
zh_0964	《粉红豹》女神走了，她演过喜剧，却活成了悲剧。
zh_0965	下载APP，不然老板以为你不想加班！
zh_0966	健保总額漲5.5％，連算盤都嚇得跳票！
zh_0967	专家说：我有观点，你有瓜子吗？
zh_0968	金羊图库：羊都比你有图！
zh_0969	举报27家黑砖厂后，上官正义发现——自己快成“砖”家了。
zh_0970	周杰伦穿自家联名鞋，巨星身份免排队！
zh_0971	
zh_0972	老外不来拍，新人翻倍掏腰包！
zh_0973	教宗开撕川普移民政策，保守派天主教徒的蜜月变“离婚冷静期”。
zh_0974	广东凭啥让百万英才“职”奔钱途？
zh_0975	左撇子女孩横扫金马9项提名，导演笑到差点用左手飞上天！
zh_0976	《天才衝衝衝》卡關「熙熙攘攘」，來賓念到快「攘」不住了！
zh_0977	生活太闲，只好拿消遣当正经事干。
zh_0978	吴越寻黄檗，走到崇德腿都快断了，福严寺还在望梅止渴！
zh_0979	从棒球场鼓掌鼓到战舰上，美国人的敬军热情比爆米花还脆！
zh_0980	快乐才是最强抗老精华，笑出皱纹算我输！
zh_0981	鸡排哥一来，景德镇的瓷器都忙着接流量，差点忘了自己是干啥的！
zh_0982	久利生：有家公司想单挑TikTok，勇气可嘉，骨灰盒已备好。
zh_0983	「共眠煞」不打呼都快成隐形杀手了，医生喊你别睡太香！
zh_0984	白嘉莉来了，美得连艺术都跨界来围观！
zh_0985	H&M三季度卖衣服赚了570亿瑞典克朗，够买下半个北欧衣柜了。
zh_0986	堰塞湖一溢流，检察官比救护车来得还快。
zh_0987	台灣隊連環扣，11:0把香港隊轟到懷疑人生！
zh_0988	白银疯涨62%，连黄金都追着喊大哥！
zh_0989	假期别躺平，祖国山河在召唤——再不去人就比景多了！
zh_0990	倒霉蛋一不小心把人生玩成了开挂模式。
zh_0991	体育一动，钱包就空。
zh_0992	我的人生，甜得冒泡，还带点气儿！
zh_0993	女律师控吕秋远“催堕胎+炒鱿鱼”，百万索赔谈崩了。
zh_0994	刘惟诚：土团党内乱，谁在背后偷偷搓麻将？
zh_0995	曼谷路面玩“塌房”，水电秒变限量供应。
zh_0996	鳳山車站換燈如換頭，農曆年前閃亮登場！
zh_0997	“公民”变“公墓”，就差一口气。
zh_0998	Smart #4接棒ForFour，欧洲独享，国内只能望“车”兴叹。
zh_0999	文科生道歉，韩国青年就业难到连专业都背锅。
zh_1000	堰塞湖搞“垂直避難”？災防中心：別鬧，那是山不是電梯！
